date,daily_average,day,month number,year
1/1/2019,297.20,1,1,2019
2/1/2019,979.67,2,1,2019
3/1/2019,1515.75,3,1,2019
4/1/2019,1366.19,4,1,2019
5/1/2019,1115.17,5,1,2019
6/1/2019,1335.92,6,1,2019
7/1/2019,1577.39,7,1,2019
8/1/2019,1443.21,8,1,2019
9/1/2019,1470.05,9,1,2019
10/1/2019,1731.24,10,1,2019
11/1/2019,1488.90,11,1,2019
12/1/2019,1213.30,12,1,2019
13/1/2019,1008.95,13,1,2019
14/1/2019,1219.27,14,1,2019
15/1/2019,1269.70,15,1,2019
16/1/2019,1222.10,16,1,2019
17/1/2019,1218.60,17,1,2019
18/1/2019,1628.39,18,1,2019
19/1/2019,1463.19,19,1,2019
20/1/2019,1441.96,20,1,2019
21/1/2019,1877.15,21,1,2019
22/1/2019,1678.06,22,1,2019
23/1/2019,1895.04,23,1,2019
24/1/2019,2151.25,24,1,2019
25/1/2019,1795.14,25,1,2019
26/1/2019,1325.89,26,1,2019
27/1/2019,1027.16,27,1,2019
28/1/2019,1448.87,28,1,2019
29/1/2019,1610.67,29,1,2019
30/1/2019,1595.60,30,1,2019
31/1/2019,1589.86,31,1,2019
1/2/2019,1430.93,1,2,2019
2/2/2019,1315.79,2,2,2019
3/2/2019,1135.12,3,2,2019
4/2/2019,1269.20,4,2,2019
5/2/2019,1415.59,5,2,2019
6/2/2019,1356.17,6,2,2019
7/2/2019,1200.03,7,2,2019
8/2/2019,1229.57,8,2,2019
9/2/2019,1034.52,9,2,2019
10/2/2019,664.16,10,2,2019
11/2/2019,1074.54,11,2,2019
12/2/2019,1172.75,12,2,2019
13/2/2019,1214.15,13,2,2019
14/2/2019,1289.42,14,2,2019
15/2/2019,1191.53,15,2,2019
16/2/2019,1096.60,16,2,2019
17/2/2019,996.16,17,2,2019
18/2/2019,1211.66,18,2,2019
19/2/2019,1192.05,19,2,2019
20/2/2019,1114.92,20,2,2019
21/2/2019,1179.01,21,2,2019
22/2/2019,1202.22,22,2,2019
23/2/2019,1055.51,23,2,2019
24/2/2019,1022.56,24,2,2019
25/2/2019,1165.46,25,2,2019
26/2/2019,1106.94,26,2,2019
27/2/2019,1125.12,27,2,2019
28/2/2019,1027.56,28,2,2019
1/3/2019,1174.39,1,3,2019
2/3/2019,1031.13,2,3,2019
3/3/2019,565.70,3,3,2019
4/3/2019,614.93,4,3,2019
5/3/2019,839.16,5,3,2019
6/3/2019,1004.38,6,3,2019
7/3/2019,758.57,7,3,2019
8/3/2019,797.10,8,3,2019
9/3/2019,625.53,9,3,2019
10/3/2019,508.61,10,3,2019
11/3/2019,850.78,11,3,2019
12/3/2019,1011.63,12,3,2019
13/3/2019,795.03,13,3,2019
14/3/2019,888.03,14,3,2019
15/3/2019,785.89,15,3,2019
16/3/2019,565.98,16,3,2019
17/3/2019,44.74,17,3,2019
18/3/2019,875.54,18,3,2019
19/3/2019,1147.58,19,3,2019
20/3/2019,1084.72,20,3,2019
21/3/2019,1024.38,21,3,2019
22/3/2019,1049.14,22,3,2019
23/3/2019,872.75,23,3,2019
24/3/2019,802.17,24,3,2019
25/3/2019,826.55,25,3,2019
26/3/2019,953.88,26,3,2019
27/3/2019,1014.70,27,3,2019
28/3/2019,1090.46,28,3,2019
29/3/2019,1010.69,29,3,2019
30/3/2019,903.74,30,3,2019
31/3/2019,791.94,31,3,2019
1/4/2019,973.09,1,4,2019
2/4/2019,920.42,2,4,2019
3/4/2019,1084.85,3,4,2019
4/4/2019,1098.20,4,4,2019
5/4/2019,1086.00,5,4,2019
6/4/2019,941.94,6,4,2019
7/4/2019,897.89,7,4,2019
8/4/2019,1129.87,8,4,2019
9/4/2019,1101.71,9,4,2019
10/4/2019,1102.71,10,4,2019
11/4/2019,1170.26,11,4,2019
12/4/2019,1166.74,12,4,2019
13/4/2019,1057.76,13,4,2019
14/4/2019,982.74,14,4,2019
15/4/2019,1078.79,15,4,2019
16/4/2019,1072.75,16,4,2019
17/4/2019,1081.31,17,4,2019
18/4/2019,1002.58,18,4,2019
19/4/2019,844.57,19,4,2019
20/4/2019,949.52,20,4,2019
21/4/2019,818.79,21,4,2019
22/4/2019,101.94,22,4,2019
23/4/2019,618.73,23,4,2019
24/4/2019,887.44,24,4,2019
25/4/2019,986.23,25,4,2019
26/4/2019,1077.09,26,4,2019
27/4/2019,869.76,27,4,2019
28/4/2019,866.64,28,4,2019
29/4/2019,1184.88,29,4,2019
30/4/2019,1104.66,30,4,2019
1/5/2019,668.95,1,5,2019
2/5/2019,1010.49,2,5,2019
3/5/2019,1094.98,3,5,2019
4/5/2019,980.74,4,5,2019
5/5/2019,563.12,5,5,2019
6/5/2019,1108.39,6,5,2019
7/5/2019,1206.95,7,5,2019
8/5/2019,803.35,8,5,2019
9/5/2019,1117.73,9,5,2019
10/5/2019,1177.06,10,5,2019
11/5/2019,931.81,11,5,2019
12/5/2019,574.87,12,5,2019
13/5/2019,1033.34,13,5,2019
14/5/2019,1153.10,14,5,2019
15/5/2019,1177.33,15,5,2019
16/5/2019,1159.77,16,5,2019
17/5/2019,1067.41,17,5,2019
18/5/2019,923.50,18,5,2019
19/5/2019,858.72,19,5,2019
20/5/2019,1159.24,20,5,2019
21/5/2019,1075.53,21,5,2019
22/5/2019,1055.60,22,5,2019
23/5/2019,1107.98,23,5,2019
24/5/2019,1014.61,24,5,2019
25/5/2019,942.12,25,5,2019
26/5/2019,628.07,26,5,2019
27/5/2019,906.10,27,5,2019
28/5/2019,1075.94,28,5,2019
29/5/2019,1063.82,29,5,2019
30/5/2019,683.74,30,5,2019
31/5/2019,919.63,31,5,2019
1/6/2019,771.95,1,6,2019
2/6/2019,468.29,2,6,2019
3/6/2019,916.52,3,6,2019
4/6/2019,1022.12,4,6,2019
5/6/2019,930.52,5,6,2019
6/6/2019,895.45,6,6,2019
7/6/2019,913.39,7,6,2019
8/6/2019,-129.31,8,6,2019
9/6/2019,607.65,9,6,2019
10/6/2019,738.60,10,6,2019
11/6/2019,1146.71,11,6,2019
12/6/2019,1139.75,12,6,2019
13/6/2019,975.54,13,6,2019
14/6/2019,1060.89,14,6,2019
15/6/2019,772.41,15,6,2019
16/6/2019,753.63,16,6,2019
17/6/2019,1107.56,17,6,2019
18/6/2019,1079.72,18,6,2019
19/6/2019,1089.59,19,6,2019
20/6/2019,934.23,20,6,2019
21/6/2019,995.93,21,6,2019
22/6/2019,841.28,22,6,2019
23/6/2019,556.94,23,6,2019
24/6/2019,885.28,24,6,2019
25/6/2019,1085.14,25,6,2019
26/6/2019,1029.83,26,6,2019
27/6/2019,1093.13,27,6,2019
28/6/2019,1115.19,28,6,2019
29/6/2019,859.56,29,6,2019
30/6/2019,333.37,30,6,2019
1/7/2019,1221.56,1,7,2019
2/7/2019,1154.33,2,7,2019
3/7/2019,1097.30,3,7,2019
4/7/2019,971.60,4,7,2019
5/7/2019,922.88,5,7,2019
6/7/2019,775.22,6,7,2019
7/7/2019,569.83,7,7,2019
8/7/2019,985.13,8,7,2019
9/7/2019,958.10,9,7,2019
10/7/2019,1085.35,10,7,2019
11/7/2019,1189.12,11,7,2019
12/7/2019,1140.00,12,7,2019
13/7/2019,933.22,13,7,2019
14/7/2019,913.30,14,7,2019
15/7/2019,1156.78,15,7,2019
16/7/2019,1203.39,16,7,2019
17/7/2019,1288.49,17,7,2019
18/7/2019,1316.92,18,7,2019
19/7/2019,1281.16,19,7,2019
20/7/2019,924.05,20,7,2019
21/7/2019,763.71,21,7,2019
22/7/2019,1129.85,22,7,2019
23/7/2019,1209.25,23,7,2019
24/7/2019,1325.35,24,7,2019
25/7/2019,1366.87,25,7,2019
26/7/2019,1203.11,26,7,2019
27/7/2019,936.25,27,7,2019
28/7/2019,890.55,28,7,2019
29/7/2019,1123.68,29,7,2019
30/7/2019,1131.02,30,7,2019
31/7/2019,1108.75,31,7,2019
1/8/2019,1191.06,1,8,2019
2/8/2019,1131.17,2,8,2019
3/8/2019,964.61,3,8,2019
4/8/2019,877.95,4,8,2019
5/8/2019,1162.50,5,8,2019
6/8/2019,1085.30,6,8,2019
7/8/2019,1085.46,7,8,2019
8/8/2019,1000.21,8,8,2019
9/8/2019,1007.42,9,8,2019
10/8/2019,952.44,10,8,2019
11/8/2019,632.09,11,8,2019
12/8/2019,1027.78,12,8,2019
13/8/2019,1031.21,13,8,2019
14/8/2019,1093.61,14,8,2019
15/8/2019,792.88,15,8,2019
16/8/2019,903.74,16,8,2019
17/8/2019,735.85,17,8,2019
18/8/2019,756.89,18,8,2019
19/8/2019,1079.20,19,8,2019
20/8/2019,1220.35,20,8,2019
21/8/2019,1033.55,21,8,2019
22/8/2019,1058.06,22,8,2019
23/8/2019,1194.99,23,8,2019
24/8/2019,816.54,24,8,2019
25/8/2019,785.59,25,8,2019
26/8/2019,1226.64,26,8,2019
27/8/2019,1265.29,27,8,2019
28/8/2019,1290.75,28,8,2019
29/8/2019,1263.83,29,8,2019
30/8/2019,1275.49,30,8,2019
31/8/2019,884.94,31,8,2019
1/9/2019,807.25,1,9,2019
2/9/2019,1205.77,2,9,2019
3/9/2019,972.46,3,9,2019
4/9/2019,921.43,4,9,2019
5/9/2019,909.93,5,9,2019
6/9/2019,1092.90,6,9,2019
7/9/2019,927.99,7,9,2019
8/9/2019,893.71,8,9,2019
9/9/2019,1256.30,9,9,2019
10/9/2019,962.40,10,9,2019
11/9/2019,935.73,11,9,2019
12/9/2019,1006.80,12,9,2019
13/9/2019,1006.39,13,9,2019
14/9/2019,947.92,14,9,2019
15/9/2019,733.20,15,9,2019
16/9/2019,1157.94,16,9,2019
17/9/2019,1192.92,17,9,2019
18/9/2019,981.24,18,9,2019
19/9/2019,1208.09,19,9,2019
20/9/2019,1226.79,20,9,2019
21/9/2019,880.26,21,9,2019
22/9/2019,812.80,22,9,2019
23/9/2019,1208.46,23,9,2019
24/9/2019,1220.30,24,9,2019
25/9/2019,1312.61,25,9,2019
26/9/2019,1480.52,26,9,2019
27/9/2019,1162.82,27,9,2019
28/9/2019,845.93,28,9,2019
29/9/2019,665.53,29,9,2019
30/9/2019,890.18,30,9,2019
1/10/2019,1041.73,1,10,2019
2/10/2019,1214.91,2,10,2019
3/10/2019,1039.16,3,10,2019
4/10/2019,1139.42,4,10,2019
5/10/2019,925.24,5,10,2019
6/10/2019,873.19,6,10,2019
7/10/2019,1261.76,7,10,2019
8/10/2019,1189.23,8,10,2019
9/10/2019,1031.42,9,10,2019
10/10/2019,805.74,10,10,2019
11/10/2019,781.22,11,10,2019
12/10/2019,721.66,12,10,2019
13/10/2019,691.17,13,10,2019
14/10/2019,1023.11,14,10,2019
15/10/2019,1070.34,15,10,2019
16/10/2019,1005.32,16,10,2019
17/10/2019,1117.93,17,10,2019
18/10/2019,1001.78,18,10,2019
19/10/2019,854.16,19,10,2019
20/10/2019,862.95,20,10,2019
21/10/2019,1106.24,21,10,2019
22/10/2019,1186.71,22,10,2019
23/10/2019,1122.30,23,10,2019
24/10/2019,970.67,24,10,2019
25/10/2019,899.60,25,10,2019
26/10/2019,686.96,26,10,2019
27/10/2019,683.63,27,10,2019
28/10/2019,1031.56,28,10,2019
29/10/2019,1212.48,29,10,2019
30/10/2019,1235.42,30,10,2019
31/10/2019,1063.90,31,10,2019
1/11/2019,814.34,1,11,2019
2/11/2019,776.72,2,11,2019
3/11/2019,728.05,3,11,2019
4/11/2019,983.69,4,11,2019
5/11/2019,1100.11,5,11,2019
6/11/2019,1248.34,6,11,2019
7/11/2019,1100.40,7,11,2019
8/11/2019,1186.84,8,11,2019
9/11/2019,1016.95,9,11,2019
10/11/2019,1026.45,10,11,2019
11/11/2019,1077.88,11,11,2019
12/11/2019,1193.03,12,11,2019
13/11/2019,1277.06,13,11,2019
14/11/2019,1242.30,14,11,2019
15/11/2019,1080.52,15,11,2019
16/11/2019,977.72,16,11,2019
17/11/2019,909.01,17,11,2019
18/11/2019,1111.81,18,11,2019
19/11/2019,1097.45,19,11,2019
20/11/2019,1432.42,20,11,2019
21/11/2019,1266.23,21,11,2019
22/11/2019,1112.00,22,11,2019
23/11/2019,799.94,23,11,2019
24/11/2019,877.83,24,11,2019
25/11/2019,1249.75,25,11,2019
26/11/2019,1215.15,26,11,2019
27/11/2019,1045.30,27,11,2019
28/11/2019,1037.25,28,11,2019
29/11/2019,1079.08,29,11,2019
30/11/2019,1089.72,30,11,2019
1/12/2019,1066.90,1,12,2019
2/12/2019,1183.15,2,12,2019
3/12/2019,1301.71,3,12,2019
4/12/2019,1298.55,4,12,2019
5/12/2019,1203.45,5,12,2019
6/12/2019,1076.48,6,12,2019
7/12/2019,908.17,7,12,2019
8/12/2019,848.19,8,12,2019
9/12/2019,1047.95,9,12,2019
10/12/2019,1148.15,10,12,2019
11/12/2019,1195.48,11,12,2019
12/12/2019,1241.02,12,12,2019
13/12/2019,1113.23,13,12,2019
14/12/2019,892.11,14,12,2019
15/12/2019,801.51,15,12,2019
16/12/2019,1168.64,16,12,2019
17/12/2019,1126.58,17,12,2019
18/12/2019,1115.97,18,12,2019
19/12/2019,947.02,19,12,2019
20/12/2019,767.60,20,12,2019
21/12/2019,760.03,21,12,2019
22/12/2019,598.67,22,12,2019
23/12/2019,623.56,23,12,2019
24/12/2019,572.60,24,12,2019
25/12/2019,526.88,25,12,2019
26/12/2019,792.23,26,12,2019
27/12/2019,1012.34,27,12,2019
28/12/2019,877.90,28,12,2019
29/12/2019,759.03,29,12,2019
30/12/2019,752.41,30,12,2019
31/12/2019,740.20,31,12,2019
1/1/2020,816.22,1,1,2020
2/1/2020,1083.12,2,1,2020
3/1/2020,939.53,3,1,2020
4/1/2020,711.00,4,1,2020
5/1/2020,882.14,5,1,2020
6/1/2020,1019.07,6,1,2020
7/1/2020,1088.53,7,1,2020
8/1/2020,1135.22,8,1,2020
9/1/2020,1215.30,9,1,2020
10/1/2020,1101.29,10,1,2020
11/1/2020,913.84,11,1,2020
12/1/2020,743.60,12,1,2020
13/1/2020,1249.06,13,1,2020
14/1/2020,1117.14,14,1,2020
15/1/2020,1094.48,15,1,2020
16/1/2020,1146.67,16,1,2020
17/1/2020,1115.18,17,1,2020
18/1/2020,863.60,18,1,2020
19/1/2020,987.69,19,1,2020
20/1/2020,1138.18,20,1,2020
21/1/2020,1110.91,21,1,2020
22/1/2020,1158.72,22,1,2020
23/1/2020,1264.86,23,1,2020
24/1/2020,1227.48,24,1,2020
25/1/2020,1038.54,25,1,2020
26/1/2020,953.03,26,1,2020
27/1/2020,1148.53,27,1,2020
28/1/2020,1150.97,28,1,2020
29/1/2020,1088.48,29,1,2020
30/1/2020,1151.03,30,1,2020
31/1/2020,1035.25,31,1,2020
1/2/2020,954.08,1,2,2020
2/2/2020,694.27,2,2,2020
3/2/2020,894.53,3,2,2020
4/2/2020,881.22,4,2,2020
5/2/2020,879.12,5,2,2020
6/2/2020,949.49,6,2,2020
7/2/2020,998.91,7,2,2020
8/2/2020,734.68,8,2,2020
9/2/2020,628.99,9,2,2020
10/2/2020,722.98,10,2,2020
11/2/2020,759.03,11,2,2020
12/2/2020,573.62,12,2,2020
13/2/2020,806.57,13,2,2020
14/2/2020,881.66,14,2,2020
15/2/2020,663.11,15,2,2020
16/2/2020,336.93,16,2,2020
17/2/2020,830.74,17,2,2020
18/2/2020,716.39,18,2,2020
19/2/2020,847.60,19,2,2020
20/2/2020,819.01,20,2,2020
21/2/2020,673.32,21,2,2020
22/2/2020,715.60,22,2,2020
23/2/2020,319.78,23,2,2020
24/2/2020,898.79,24,2,2020
25/2/2020,777.92,25,2,2020
26/2/2020,853.85,26,2,2020
27/2/2020,930.05,27,2,2020
28/2/2020,825.47,28,2,2020
29/2/2020,664.45,29,2,2020
1/3/2020,439.86,1,3,2020
2/3/2020,903.39,2,3,2020
3/3/2020,929.36,3,3,2020
4/3/2020,972.89,4,3,2020
5/3/2020,882.79,5,3,2020
6/3/2020,826.00,6,3,2020
7/3/2020,756.18,7,3,2020
8/3/2020,576.51,8,3,2020
9/3/2020,911.94,9,3,2020
10/3/2020,739.31,10,3,2020
11/3/2020,712.33,11,3,2020
12/3/2020,690.34,12,3,2020
13/3/2020,740.99,13,3,2020
14/3/2020,816.95,14,3,2020
15/3/2020,376.01,15,3,2020
16/3/2020,860.78,16,3,2020
17/3/2020,813.22,17,3,2020
18/3/2020,719.43,18,3,2020
19/3/2020,828.05,19,3,2020
20/3/2020,680.37,20,3,2020
21/3/2020,416.75,21,3,2020
22/3/2020,-26.66,22,3,2020
23/3/2020,571.26,23,3,2020
24/3/2020,571.61,24,3,2020
25/3/2020,616.27,25,3,2020
26/3/2020,642.44,26,3,2020
27/3/2020,615.46,27,3,2020
28/3/2020,450.76,28,3,2020
29/3/2020,289.77,29,3,2020
30/3/2020,631.09,30,3,2020
31/3/2020,789.63,31,3,2020
1/4/2020,659.73,1,4,2020
2/4/2020,668.22,2,4,2020
3/4/2020,669.77,3,4,2020
4/4/2020,605.35,4,4,2020
5/4/2020,181.91,5,4,2020
6/4/2020,533.05,6,4,2020
7/4/2020,644.85,7,4,2020
8/4/2020,676.01,8,4,2020
9/4/2020,663.27,9,4,2020
10/4/2020,598.93,10,4,2020
11/4/2020,565.20,11,4,2020
12/4/2020,316.06,12,4,2020
13/4/2020,-275.59,13,4,2020
14/4/2020,566.27,14,4,2020
15/4/2020,580.02,15,4,2020
16/4/2020,660.20,16,4,2020
17/4/2020,713.98,17,4,2020
18/4/2020,567.72,18,4,2020
19/4/2020,243.42,19,4,2020
20/4/2020,258.55,20,4,2020
21/4/2020,375.17,21,4,2020
22/4/2020,359.20,22,4,2020
23/4/2020,730.05,23,4,2020
24/4/2020,548.30,24,4,2020
25/4/2020,517.70,25,4,2020
26/4/2020,521.38,26,4,2020
27/4/2020,737.02,27,4,2020
28/4/2020,701.59,28,4,2020
29/4/2020,629.69,29,4,2020
30/4/2020,537.81,30,4,2020
1/5/2020,221.68,1,5,2020
2/5/2020,360.33,2,5,2020
3/5/2020,378.85,3,5,2020
4/5/2020,667.10,4,5,2020
5/5/2020,611.42,5,5,2020
6/5/2020,578.98,6,5,2020
7/5/2020,648.39,7,5,2020
8/5/2020,652.35,8,5,2020
9/5/2020,592.25,9,5,2020
10/5/2020,377.53,10,5,2020
11/5/2020,488.58,11,5,2020
12/5/2020,588.02,12,5,2020
13/5/2020,764.49,13,5,2020
14/5/2020,668.30,14,5,2020
15/5/2020,591.67,15,5,2020
16/5/2020,461.73,16,5,2020
17/5/2020,238.08,17,5,2020
18/5/2020,569.24,18,5,2020
19/5/2020,667.97,19,5,2020
20/5/2020,820.53,20,5,2020
21/5/2020,517.65,21,5,2020
22/5/2020,516.08,22,5,2020
23/5/2020,213.75,23,5,2020
24/5/2020,-519.68,24,5,2020
25/5/2020,536.45,25,5,2020
26/5/2020,870.11,26,5,2020
27/5/2020,620.56,27,5,2020
28/5/2020,562.08,28,5,2020
29/5/2020,592.56,29,5,2020
30/5/2020,367.37,30,5,2020
31/5/2020,53.07,31,5,2020
1/6/2020,303.56,1,6,2020
2/6/2020,662.65,2,6,2020
3/6/2020,721.13,3,6,2020
4/6/2020,678.59,4,6,2020
5/6/2020,636.81,5,6,2020
6/6/2020,148.27,6,6,2020
7/6/2020,378.20,7,6,2020
8/6/2020,950.85,8,6,2020
9/6/2020,944.40,9,6,2020
10/6/2020,882.84,10,6,2020
11/6/2020,665.09,11,6,2020
12/6/2020,566.72,12,6,2020
13/6/2020,496.60,13,6,2020
14/6/2020,477.81,14,6,2020
15/6/2020,868.25,15,6,2020
16/6/2020,988.77,16,6,2020
17/6/2020,876.06,17,6,2020
18/6/2020,864.64,18,6,2020
19/6/2020,793.12,19,6,2020
20/6/2020,592.77,20,6,2020
21/6/2020,570.33,21,6,2020
22/6/2020,733.72,22,6,2020
23/6/2020,843.82,23,6,2020
24/6/2020,942.51,24,6,2020
25/6/2020,942.84,25,6,2020
26/6/2020,903.55,26,6,2020
27/6/2020,721.28,27,6,2020
28/6/2020,473.20,28,6,2020
29/6/2020,810.98,29,6,2020
30/6/2020,601.88,30,6,2020
1/7/2020,897.95,1,7,2020
2/7/2020,1002.96,2,7,2020
3/7/2020,980.46,3,7,2020
4/7/2020,473.71,4,7,2020
5/7/2020,256.99,5,7,2020
6/7/2020,721.84,6,7,2020
7/7/2020,887.07,7,7,2020
8/7/2020,1152.68,8,7,2020
9/7/2020,1146.63,9,7,2020
10/7/2020,1028.54,10,7,2020
11/7/2020,788.36,11,7,2020
12/7/2020,671.39,12,7,2020
13/7/2020,961.36,13,7,2020
14/7/2020,1007.89,14,7,2020
15/7/2020,1140.96,15,7,2020
16/7/2020,1144.37,16,7,2020
17/7/2020,1063.14,17,7,2020
18/7/2020,807.22,18,7,2020
19/7/2020,719.30,19,7,2020
20/7/2020,924.74,20,7,2020
21/7/2020,914.40,21,7,2020
22/7/2020,962.47,22,7,2020
23/7/2020,946.76,23,7,2020
24/7/2020,851.82,24,7,2020
25/7/2020,731.92,25,7,2020
26/7/2020,360.39,26,7,2020
27/7/2020,854.48,27,7,2020
28/7/2020,765.27,28,7,2020
29/7/2020,848.96,29,7,2020
30/7/2020,928.64,30,7,2020
31/7/2020,1001.84,31,7,2020
1/8/2020,713.36,1,8,2020
2/8/2020,747.76,2,8,2020
3/8/2020,1024.03,3,8,2020
4/8/2020,951.50,4,8,2020
5/8/2020,804.08,5,8,2020
6/8/2020,888.65,6,8,2020
7/8/2020,881.88,7,8,2020
8/8/2020,818.65,8,8,2020
9/8/2020,739.54,9,8,2020
10/8/2020,939.44,10,8,2020
11/8/2020,914.80,11,8,2020
12/8/2020,923.26,12,8,2020
13/8/2020,1019.35,13,8,2020
14/8/2020,1085.19,14,8,2020
15/8/2020,788.60,15,8,2020
16/8/2020,716.06,16,8,2020
17/8/2020,1046.85,17,8,2020
18/8/2020,1080.44,18,8,2020
19/8/2020,1038.54,19,8,2020
20/8/2020,947.47,20,8,2020
21/8/2020,817.56,21,8,2020
22/8/2020,640.87,22,8,2020
23/8/2020,354.03,23,8,2020
24/8/2020,1023.55,24,8,2020
25/8/2020,1000.79,25,8,2020
26/8/2020,678.01,26,8,2020
27/8/2020,1207.57,27,8,2020
28/8/2020,1089.29,28,8,2020
29/8/2020,941.81,29,8,2020
30/8/2020,879.84,30,8,2020
31/8/2020,1325.47,31,8,2020
1/9/2020,1430.79,1,9,2020
2/9/2020,1376.28,2,9,2020
3/9/2020,1119.20,3,9,2020
4/9/2020,1032.05,4,9,2020
5/9/2020,848.05,5,9,2020
6/9/2020,895.30,6,9,2020
7/9/2020,1213.16,7,9,2020
8/9/2020,1056.29,8,9,2020
9/9/2020,1131.32,9,9,2020
10/9/2020,1273.72,10,9,2020
11/9/2020,1204.94,11,9,2020
12/9/2020,917.23,12,9,2020
13/9/2020,758.64,13,9,2020
14/9/2020,1345.15,14,9,2020
15/9/2020,1612.49,15,9,2020
16/9/2020,1441.63,16,9,2020
17/9/2020,1404.55,17,9,2020
18/9/2020,1244.51,18,9,2020
19/9/2020,995.05,19,9,2020
20/9/2020,953.81,20,9,2020
21/9/2020,1561.77,21,9,2020
22/9/2020,1598.09,22,9,2020
23/9/2020,1354.26,23,9,2020
24/9/2020,1145.81,24,9,2020
25/9/2020,1160.04,25,9,2020
26/9/2020,922.00,26,9,2020
27/9/2020,775.80,27,9,2020
28/9/2020,1388.79,28,9,2020
29/9/2020,1481.18,29,9,2020
30/9/2020,1389.10,30,9,2020
1/10/2020,1243.51,1,10,2020
2/10/2020,982.23,2,10,2020
3/10/2020,617.80,3,10,2020
4/10/2020,349.17,4,10,2020
5/10/2020,959.66,5,10,2020
6/10/2020,1014.59,6,10,2020
7/10/2020,1030.09,7,10,2020
8/10/2020,936.69,8,10,2020
9/10/2020,1159.44,9,10,2020
10/10/2020,899.85,10,10,2020
11/10/2020,843.12,11,10,2020
12/10/2020,1388.24,12,10,2020
13/10/2020,1293.88,13,10,2020
14/10/2020,1087.36,14,10,2020
15/10/2020,1239.23,15,10,2020
16/10/2020,1306.56,16,10,2020
17/10/2020,1079.74,17,10,2020
18/10/2020,765.69,18,10,2020
19/10/2020,1204.32,19,10,2020
20/10/2020,1046.54,20,10,2020
21/10/2020,1019.06,21,10,2020
22/10/2020,872.25,22,10,2020
23/10/2020,1176.74,23,10,2020
24/10/2020,787.32,24,10,2020
25/10/2020,611.81,25,10,2020
26/10/2020,1108.97,26,10,2020
27/10/2020,1008.74,27,10,2020
28/10/2020,872.00,28,10,2020
29/10/2020,1054.86,29,10,2020
30/10/2020,930.04,30,10,2020
31/10/2020,807.21,31,10,2020
1/11/2020,446.56,1,11,2020
2/11/2020,769.48,2,11,2020
3/11/2020,951.71,3,11,2020
4/11/2020,1066.49,4,11,2020
5/11/2020,1064.26,5,11,2020
6/11/2020,1073.18,6,11,2020
7/11/2020,911.64,7,11,2020
8/11/2020,887.07,8,11,2020
9/11/2020,1192.34,9,11,2020
10/11/2020,1258.13,10,11,2020
11/11/2020,1180.71,11,11,2020
12/11/2020,1032.11,12,11,2020
13/11/2020,1101.10,13,11,2020
14/11/2020,924.58,14,11,2020
15/11/2020,633.47,15,11,2020
16/11/2020,1155.97,16,11,2020
17/11/2020,1033.25,17,11,2020
18/11/2020,1187.91,18,11,2020
19/11/2020,1136.05,19,11,2020
20/11/2020,1234.04,20,11,2020
21/11/2020,1047.42,21,11,2020
22/11/2020,946.64,22,11,2020
23/11/2020,1287.23,23,11,2020
24/11/2020,1301.73,24,11,2020
25/11/2020,1231.22,25,11,2020
26/11/2020,1439.44,26,11,2020
27/11/2020,1646.46,27,11,2020
28/11/2020,1167.53,28,11,2020
29/11/2020,1216.10,29,11,2020
30/11/2020,1490.81,30,11,2020
1/12/2020,1585.31,1,12,2020
2/12/2020,1858.23,2,12,2020
3/12/2020,1997.90,3,12,2020
4/12/2020,1677.56,4,12,2020
5/12/2020,1279.90,5,12,2020
6/12/2020,1134.61,6,12,2020
7/12/2020,1440.62,7,12,2020
8/12/2020,1777.85,8,12,2020
9/12/2020,2115.61,9,12,2020
10/12/2020,1969.61,10,12,2020
11/12/2020,1456.39,11,12,2020
12/12/2020,1187.23,12,12,2020
13/12/2020,1133.84,13,12,2020
14/12/2020,1298.68,14,12,2020
15/12/2020,1533.88,15,12,2020
16/12/2020,1682.64,16,12,2020
17/12/2020,1620.49,17,12,2020
18/12/2020,1643.99,18,12,2020
19/12/2020,1126.90,19,12,2020
20/12/2020,1107.53,20,12,2020
21/12/2020,1533.95,21,12,2020
22/12/2020,1270.60,22,12,2020
23/12/2020,1167.31,23,12,2020
24/12/2020,759.28,24,12,2020
25/12/2020,863.61,25,12,2020
26/12/2020,756.83,26,12,2020
27/12/2020,576.48,27,12,2020
28/12/2020,969.26,28,12,2020
29/12/2020,1144.87,29,12,2020
30/12/2020,1148.16,30,12,2020
31/12/2020,1187.06,31,12,2020
1/1/2021,1072.24,1,1,2021
2/1/2021,1344.17,2,1,2021
3/1/2021,1068.05,3,1,2021
4/1/2021,1292.30,4,1,2021
5/1/2021,1386.58,5,1,2021
6/1/2021,1370.72,6,1,2021
7/1/2021,1794.95,7,1,2021
8/1/2021,1954.27,8,1,2021
9/1/2021,1542.21,9,1,2021
10/1/2021,1281.38,10,1,2021
11/1/2021,1348.23,11,1,2021
12/1/2021,1445.10,12,1,2021
13/1/2021,1462.80,13,1,2021
14/1/2021,1886.43,14,1,2021
15/1/2021,2067.55,15,1,2021
16/1/2021,1422.01,16,1,2021
17/1/2021,1385.26,17,1,2021
18/1/2021,1753.84,18,1,2021
19/1/2021,1718.45,19,1,2021
20/1/2021,1525.88,20,1,2021
21/1/2021,1455.57,21,1,2021
22/1/2021,1379.45,22,1,2021
23/1/2021,1370.82,23,1,2021
24/1/2021,1244.04,24,1,2021
25/1/2021,1662.42,25,1,2021
26/1/2021,1553.48,26,1,2021
27/1/2021,1551.70,27,1,2021
28/1/2021,1443.31,28,1,2021
29/1/2021,1352.03,29,1,2021
30/1/2021,1201.28,30,1,2021
31/1/2021,1185.36,31,1,2021
1/2/2021,1487.26,1,2,2021
2/2/2021,1451.21,2,2,2021
3/2/2021,1225.50,3,2,2021
4/2/2021,1266.62,4,2,2021
5/2/2021,1348.80,5,2,2021
6/2/2021,1104.84,6,2,2021
7/2/2021,601.34,7,2,2021
8/2/2021,1254.55,8,2,2021
9/2/2021,1666.18,9,2,2021
10/2/2021,1741.12,10,2,2021
11/2/2021,1998.32,11,2,2021
12/2/2021,1630.80,12,2,2021
13/2/2021,1382.38,13,2,2021
14/2/2021,1146.91,14,2,2021
15/2/2021,1360.32,15,2,2021
16/2/2021,1587.75,16,2,2021
17/2/2021,1465.71,17,2,2021
18/2/2021,1358.23,18,2,2021
19/2/2021,1346.79,19,2,2021
20/2/2021,986.29,20,2,2021
21/2/2021,867.08,21,2,2021
22/2/2021,1306.88,22,2,2021
23/2/2021,1251.76,23,2,2021
24/2/2021,1155.26,24,2,2021
25/2/2021,1228.50,25,2,2021
26/2/2021,1250.57,26,2,2021
27/2/2021,1165.98,27,2,2021
28/2/2021,1046.06,28,2,2021
1/3/2021,1370.89,1,3,2021
2/3/2021,1390.26,2,3,2021
3/3/2021,1357.33,3,3,2021
4/3/2021,1351.27,4,3,2021
5/3/2021,1403.21,5,3,2021
6/3/2021,1196.10,6,3,2021
7/3/2021,1125.89,7,3,2021
8/3/2021,1618.15,8,3,2021
9/3/2021,1631.67,9,3,2021
10/3/2021,1428.73,10,3,2021
11/3/2021,1361.48,11,3,2021
12/3/2021,1316.60,12,3,2021
13/3/2021,1193.78,13,3,2021
14/3/2021,1112.15,14,3,2021
15/3/2021,1293.89,15,3,2021
16/3/2021,1492.19,16,3,2021
17/3/2021,1547.60,17,3,2021
18/3/2021,1660.16,18,3,2021
19/3/2021,1579.59,19,3,2021
20/3/2021,1345.38,20,3,2021
21/3/2021,1122.77,21,3,2021
22/3/2021,1551.10,22,3,2021
23/3/2021,1607.30,23,3,2021
24/3/2021,1595.68,24,3,2021
25/3/2021,1640.70,25,3,2021
26/3/2021,1548.38,26,3,2021
27/3/2021,1223.94,27,3,2021
28/3/2021,1102.11,28,3,2021
29/3/2021,1412.84,29,3,2021
30/3/2021,1437.51,30,3,2021
31/3/2021,1566.52,31,3,2021
1/4/2021,1504.78,1,4,2021
2/4/2021,1165.22,2,4,2021
3/4/2021,1225.93,3,4,2021
4/4/2021,981.54,4,4,2021
5/4/2021,-149.94,5,4,2021
6/4/2021,1304.84,6,4,2021
7/4/2021,1532.75,7,4,2021
8/4/2021,1681.07,8,4,2021
9/4/2021,1601.18,9,4,2021
10/4/2021,1506.75,10,4,2021
11/4/2021,1222.48,11,4,2021
12/4/2021,1738.22,12,4,2021
13/4/2021,1823.94,13,4,2021
14/4/2021,1945.64,14,4,2021
15/4/2021,1964.54,15,4,2021
16/4/2021,1849.56,16,4,2021
17/4/2021,1597.68,17,4,2021
18/4/2021,1661.11,18,4,2021
19/4/2021,2064.66,19,4,2021
20/4/2021,2076.30,20,4,2021
21/4/2021,1848.93,21,4,2021
22/4/2021,1786.24,22,4,2021
23/4/2021,1674.44,23,4,2021
24/4/2021,1554.43,24,4,2021
25/4/2021,1121.88,25,4,2021
26/4/2021,1659.61,26,4,2021
27/4/2021,1742.54,27,4,2021
28/4/2021,1685.97,28,4,2021
29/4/2021,1714.01,29,4,2021
30/4/2021,1776.62,30,4,2021
1/5/2021,1532.05,1,5,2021
2/5/2021,1153.85,2,5,2021
3/5/2021,1504.14,3,5,2021
4/5/2021,1257.88,4,5,2021
5/5/2021,1439.18,5,5,2021
6/5/2021,1687.79,6,5,2021
7/5/2021,1746.30,7,5,2021
8/5/2021,1388.50,8,5,2021
9/5/2021,349.91,9,5,2021
10/5/2021,1513.66,10,5,2021
11/5/2021,1845.76,11,5,2021
12/5/2021,1773.28,12,5,2021
13/5/2021,1516.17,13,5,2021
14/5/2021,1782.51,14,5,2021
15/5/2021,1649.72,15,5,2021
16/5/2021,1178.48,16,5,2021
17/5/2021,1847.21,17,5,2021
18/5/2021,1898.97,18,5,2021
19/5/2021,1971.27,19,5,2021
20/5/2021,1859.65,20,5,2021
21/5/2021,1392.47,21,5,2021
22/5/2021,1359.10,22,5,2021
23/5/2021,546.77,23,5,2021
24/5/2021,1324.09,24,5,2021
25/5/2021,1701.82,25,5,2021
26/5/2021,1713.31,26,5,2021
27/5/2021,1824.50,27,5,2021
28/5/2021,1934.77,28,5,2021
29/5/2021,1470.53,29,5,2021
30/5/2021,1081.24,30,5,2021
31/5/2021,1733.18,31,5,2021
1/6/2021,1723.86,1,6,2021
2/6/2021,1673.43,2,6,2021
3/6/2021,1524.80,3,6,2021
4/6/2021,1818.99,4,6,2021
5/6/2021,1587.85,5,6,2021
6/6/2021,1434.25,6,6,2021
7/6/2021,2024.85,7,6,2021
8/6/2021,1990.33,8,6,2021
9/6/2021,1972.43,9,6,2021
10/6/2021,1961.90,10,6,2021
11/6/2021,1899.85,11,6,2021
12/6/2021,1323.95,12,6,2021
13/6/2021,617.54,13,6,2021
14/6/2021,1888.43,14,6,2021
15/6/2021,2066.32,15,6,2021
16/6/2021,2103.99,16,6,2021
17/6/2021,2122.54,17,6,2021
18/6/2021,2096.72,18,6,2021
19/6/2021,1812.63,19,6,2021
20/6/2021,1491.20,20,6,2021
21/6/2021,1999.75,21,6,2021
22/6/2021,2179.64,22,6,2021
23/6/2021,2384.60,23,6,2021
24/6/2021,2443.61,24,6,2021
25/6/2021,2473.90,25,6,2021
26/6/2021,2044.63,26,6,2021
27/6/2021,1692.49,27,6,2021
28/6/2021,2278.49,28,6,2021
29/6/2021,2366.72,29,6,2021
30/6/2021,2354.21,30,6,2021
1/7/2021,2281.21,1,7,2021
2/7/2021,2601.40,2,7,2021
3/7/2021,2189.98,3,7,2021
4/7/2021,2118.75,4,7,2021
5/7/2021,2400.76,5,7,2021
6/7/2021,2238.01,6,7,2021
7/7/2021,2587.82,7,7,2021
8/7/2021,2844.39,8,7,2021
9/7/2021,2358.72,9,7,2021
10/7/2021,2097.42,10,7,2021
11/7/2021,2005.69,11,7,2021
12/7/2021,2405.14,12,7,2021
13/7/2021,2538.48,13,7,2021
14/7/2021,2358.25,14,7,2021
15/7/2021,2295.89,15,7,2021
16/7/2021,2174.44,16,7,2021
17/7/2021,1679.97,17,7,2021
18/7/2021,1374.72,18,7,2021
19/7/2021,2284.82,19,7,2021
20/7/2021,2366.99,20,7,2021
21/7/2021,2372.93,21,7,2021
22/7/2021,2265.43,22,7,2021
23/7/2021,2281.15,23,7,2021
24/7/2021,1943.34,24,7,2021
25/7/2021,1560.74,25,7,2021
26/7/2021,2262.46,26,7,2021
27/7/2021,2240.34,27,7,2021
28/7/2021,2209.43,28,7,2021
29/7/2021,2063.66,29,7,2021
30/7/2021,1837.46,30,7,2021
31/7/2021,1386.14,31,7,2021
1/8/2021,1492.65,1,8,2021
2/8/2021,2037.50,2,8,2021
3/8/2021,2459.48,3,8,2021
4/8/2021,2495.46,4,8,2021
5/8/2021,2397.04,5,8,2021
6/8/2021,1826.93,6,8,2021
7/8/2021,1563.10,7,8,2021
8/8/2021,646.16,8,8,2021
9/8/2021,1716.09,9,8,2021
10/8/2021,2304.68,10,8,2021
11/8/2021,2560.60,11,8,2021
12/8/2021,2706.18,12,8,2021
13/8/2021,2450.22,13,8,2021
14/8/2021,1789.49,14,8,2021
15/8/2021,1670.39,15,8,2021
16/8/2021,2120.30,16,8,2021
17/8/2021,1806.25,17,8,2021
18/8/2021,2007.92,18,8,2021
19/8/2021,2336.40,19,8,2021
20/8/2021,2611.21,20,8,2021
21/8/2021,2337.33,21,8,2021
22/8/2021,1998.24,22,8,2021
23/8/2021,2395.33,23,8,2021
24/8/2021,2453.12,24,8,2021
25/8/2021,2209.11,25,8,2021
26/8/2021,2398.07,26,8,2021
27/8/2021,2453.17,27,8,2021
28/8/2021,2205.93,28,8,2021
29/8/2021,2063.78,29,8,2021
30/8/2021,2724.59,30,8,2021
31/8/2021,2798.56,31,8,2021
1/9/2021,2817.39,1,9,2021
2/9/2021,2961.96,2,9,2021
3/9/2021,2757.69,3,9,2021
4/9/2021,2697.39,4,9,2021
5/9/2021,2440.32,5,9,2021
6/9/2021,3184.48,6,9,2021
7/9/2021,3252.30,7,9,2021
8/9/2021,3165.87,8,9,2021
9/9/2021,3307.93,9,9,2021
10/9/2021,3497.26,10,9,2021
11/9/2021,3262.86,11,9,2021
12/9/2021,2654.46,12,9,2021
13/9/2021,3582.44,13,9,2021
14/9/2021,3636.82,14,9,2021
15/9/2021,4259.12,15,9,2021
16/9/2021,4021.31,16,9,2021
17/9/2021,3970.28,17,9,2021
18/9/2021,3345.94,18,9,2021
19/9/2021,2380.34,19,9,2021
20/9/2021,3832.27,20,9,2021
21/9/2021,3804.99,21,9,2021
22/9/2021,3704.28,22,9,2021
23/9/2021,3056.05,23,9,2021
24/9/2021,2770.55,24,9,2021
25/9/2021,3242.00,25,9,2021
26/9/2021,3194.48,26,9,2021
27/9/2021,3644.19,27,9,2021
28/9/2021,3946.17,28,9,2021
29/9/2021,3417.53,29,9,2021
30/9/2021,2975.47,30,9,2021
1/10/2021,2775.79,1,10,2021
2/10/2021,2652.15,2,10,2021
3/10/2021,1074.44,3,10,2021
4/10/2021,4003.62,4,10,2021
5/10/2021,4042.74,5,10,2021
6/10/2021,4681.41,6,10,2021
7/10/2021,6884.01,7,10,2021
8/10/2021,5165.54,8,10,2021
9/10/2021,3506.58,9,10,2021
10/10/2021,3658.37,10,10,2021
11/10/2021,4235.76,11,10,2021
12/10/2021,4308.09,12,10,2021
13/10/2021,4775.72,13,10,2021
14/10/2021,4427.50,14,10,2021
15/10/2021,3191.89,15,10,2021
16/10/2021,3982.91,16,10,2021
17/10/2021,3603.12,17,10,2021
18/10/2021,4828.42,18,10,2021
19/10/2021,3925.17,19,10,2021
20/10/2021,2169.66,20,10,2021
21/10/2021,1904.93,21,10,2021
22/10/2021,2035.35,22,10,2021
23/10/2021,3572.45,23,10,2021
24/10/2021,2550.40,24,10,2021
25/10/2021,4340.66,25,10,2021
26/10/2021,4480.49,26,10,2021
27/10/2021,3697.28,27,10,2021
28/10/2021,3871.89,28,10,2021
29/10/2021,2896.13,29,10,2021
30/10/2021,2162.32,30,10,2021
31/10/2021,1741.34,31,10,2021
1/11/2021,2825.71,1,11,2021
2/11/2021,5219.06,2,11,2021
3/11/2021,4933.71,3,11,2021
4/11/2021,4385.38,4,11,2021
5/11/2021,3992.47,5,11,2021
6/11/2021,1951.58,6,11,2021
7/11/2021,1060.89,7,11,2021
8/11/2021,4479.69,8,11,2021
9/11/2021,4078.82,9,11,2021
10/11/2021,4443.50,10,11,2021
11/11/2021,4785.47,11,11,2021
12/11/2021,4212.46,12,11,2021
13/11/2021,3960.09,13,11,2021
14/11/2021,4128.86,14,11,2021
15/11/2021,5747.96,15,11,2021
16/11/2021,5924.96,16,11,2021
17/11/2021,4391.53,17,11,2021
18/11/2021,3541.36,18,11,2021
19/11/2021,3388.10,19,11,2021
20/11/2021,3400.05,20,11,2021
21/11/2021,3725.57,21,11,2021
22/11/2021,6058.30,22,11,2021
23/11/2021,6118.98,23,11,2021
24/11/2021,6984.07,24,11,2021
25/11/2021,6366.12,25,11,2021
26/11/2021,5245.56,26,11,2021
27/11/2021,5207.35,27,11,2021
28/11/2021,5162.92,28,11,2021
29/11/2021,6827.24,29,11,2021
30/11/2021,4821.11,30,11,2021
1/12/2021,5159.84,1,12,2021
2/12/2021,5145.52,2,12,2021
3/12/2021,4919.65,3,12,2021
4/12/2021,4988.04,4,12,2021
5/12/2021,3998.75,5,12,2021
6/12/2021,6748.15,6,12,2021
7/12/2021,5828.64,7,12,2021
8/12/2021,5615.62,8,12,2021
9/12/2021,7067.97,9,12,2021
10/12/2021,6082.03,10,12,2021
11/12/2021,5938.80,11,12,2021
12/12/2021,4634.48,12,12,2021
13/12/2021,6723.75,13,12,2021
14/12/2021,7598.36,14,12,2021
15/12/2021,7512.27,15,12,2021
16/12/2021,8703.98,16,12,2021
17/12/2021,8499.71,17,12,2021
18/12/2021,6003.30,18,12,2021
19/12/2021,2911.91,19,12,2021
20/12/2021,7918.24,20,12,2021
21/12/2021,10597.91,21,12,2021
22/12/2021,10399.70,22,12,2021
23/12/2021,7378.97,23,12,2021
24/12/2021,4640.43,24,12,2021
25/12/2021,4552.60,25,12,2021
26/12/2021,4025.41,26,12,2021
27/12/2021,3762.18,27,12,2021
28/12/2021,2978.34,28,12,2021
29/12/2021,3883.86,29,12,2021
30/12/2021,2914.12,30,12,2021
31/12/2021,2088.61,31,12,2021
1/1/2022,2052.90,1,1,2022
2/1/2022,1409.69,2,1,2022
3/1/2022,2214.86,3,1,2022
4/1/2022,3809.44,4,1,2022
5/1/2022,3000.45,5,1,2022
6/1/2022,4761.21,6,1,2022
7/1/2022,4119.08,7,1,2022
8/1/2022,4186.40,8,1,2022
9/1/2022,3593.54,9,1,2022
10/1/2022,6371.26,10,1,2022
11/1/2022,6209.97,11,1,2022
12/1/2022,5689.00,12,1,2022
13/1/2022,4375.24,13,1,2022
14/1/2022,4378.78,14,1,2022
15/1/2022,5192.15,15,1,2022
16/1/2022,3277.54,16,1,2022
17/1/2022,4241.17,17,1,2022
18/1/2022,5761.13,18,1,2022
19/1/2022,4663.55,19,1,2022
20/1/2022,3881.35,20,1,2022
21/1/2022,3896.69,21,1,2022
22/1/2022,4278.79,22,1,2022
23/1/2022,4715.51,23,1,2022
24/1/2022,6031.62,24,1,2022
25/1/2022,7277.57,25,1,2022
26/1/2022,5882.83,26,1,2022
27/1/2022,4605.76,27,1,2022
28/1/2022,4825.21,28,1,2022
29/1/2022,3413.63,29,1,2022
30/1/2022,3157.63,30,1,2022
31/1/2022,4889.15,31,1,2022
1/2/2022,4950.84,1,2,2022
2/2/2022,4691.94,2,2,2022
3/2/2022,4676.76,3,2,2022
4/2/2022,4485.93,4,2,2022
5/2/2022,2886.73,5,2,2022
6/2/2022,2305.37,6,2,2022
7/2/2022,4437.90,7,2,2022
8/2/2022,3788.27,8,2,2022
9/2/2022,4380.68,9,2,2022
10/2/2022,4695.16,10,2,2022
11/2/2022,4575.85,11,2,2022
12/2/2022,3562.03,12,2,2022
13/2/2022,2352.89,13,2,2022
14/2/2022,4272.19,14,2,2022
15/2/2022,4370.04,15,2,2022
16/2/2022,3794.12,16,2,2022
17/2/2022,2824.12,17,2,2022
18/2/2022,2901.96,18,2,2022
19/2/2022,2424.01,19,2,2022
20/2/2022,2317.44,20,2,2022
21/2/2022,2579.74,21,2,2022
22/2/2022,3120.31,22,2,2022
23/2/2022,3344.11,23,2,2022
24/2/2022,3185.07,24,2,2022
25/2/2022,3488.38,25,2,2022
26/2/2022,5559.21,26,2,2022
27/2/2022,4498.19,27,2,2022
28/2/2022,5616.28,28,2,2022
1/3/2022,6235.29,1,3,2022
2/3/2022,7209.03,2,3,2022
3/3/2022,8673.13,3,3,2022
4/3/2022,9441.76,4,3,2022
5/3/2022,8863.20,5,3,2022
6/3/2022,8770.43,6,3,2022
7/3/2022,10662.36,7,3,2022
8/3/2022,12497.19,8,3,2022
9/3/2022,11335.07,9,3,2022
10/3/2022,7497.57,10,3,2022
11/3/2022,4646.40,11,3,2022
12/3/2022,3853.03,12,3,2022
13/3/2022,3402.02,13,3,2022
14/3/2022,7005.04,14,3,2022
15/3/2022,7472.86,15,3,2022
16/3/2022,6290.81,16,3,2022
17/3/2022,5877.27,17,3,2022
18/3/2022,5685.88,18,3,2022
19/3/2022,3561.02,19,3,2022
20/3/2022,1952.56,20,3,2022
21/3/2022,5079.05,21,3,2022
22/3/2022,5836.51,22,3,2022
23/3/2022,5814.18,23,3,2022
24/3/2022,5883.32,24,3,2022
25/3/2022,6022.72,25,3,2022
26/3/2022,4671.52,26,3,2022
27/3/2022,4943.64,27,3,2022
28/3/2022,5461.72,28,3,2022
29/3/2022,6123.23,29,3,2022
30/3/2022,6629.32,30,3,2022
31/3/2022,5123.55,31,3,2022
1/4/2022,4024.75,1,4,2022
2/4/2022,4016.42,2,4,2022
3/4/2022,3692.09,3,4,2022
4/4/2022,4301.81,4,4,2022
5/4/2022,4722.16,5,4,2022
6/4/2022,3556.79,6,4,2022
7/4/2022,2403.84,7,4,2022
8/4/2022,3076.66,8,4,2022
9/4/2022,1931.40,9,4,2022
10/4/2022,1943.07,10,4,2022
11/4/2022,5462.98,11,4,2022
12/4/2022,4532.88,12,4,2022
13/4/2022,5440.57,13,4,2022
14/4/2022,5560.66,14,4,2022
15/4/2022,4712.19,15,4,2022
16/4/2022,3652.94,16,4,2022
17/4/2022,2563.75,17,4,2022
18/4/2022,2936.05,18,4,2022
19/4/2022,5416.49,19,4,2022
20/4/2022,5067.95,20,4,2022
21/4/2022,4911.48,21,4,2022
22/4/2022,4959.54,22,4,2022
23/4/2022,2959.29,23,4,2022
24/4/2022,2777.45,24,4,2022
25/4/2022,5457.01,25,4,2022
26/4/2022,5863.21,26,4,2022
27/4/2022,5455.89,27,4,2022
28/4/2022,5645.63,28,4,2022
29/4/2022,5610.55,29,4,2022
30/4/2022,4952.37,30,4,2022
1/5/2022,4791.61,1,5,2022
2/5/2022,5403.28,2,5,2022
3/5/2022,5382.07,3,5,2022
4/5/2022,5713.45,4,5,2022
5/5/2022,5786.64,5,5,2022
6/5/2022,5558.48,6,5,2022
7/5/2022,4968.23,7,5,2022
8/5/2022,4237.88,8,5,2022
9/5/2022,5431.10,9,5,2022
10/5/2022,4911.56,10,5,2022
11/5/2022,4751.98,11,5,2022
12/5/2022,4368.50,12,5,2022
13/5/2022,4804.46,13,5,2022
14/5/2022,4036.89,14,5,2022
15/5/2022,3686.88,15,5,2022
16/5/2022,5305.21,16,5,2022
17/5/2022,5587.50,17,5,2022
18/5/2022,5100.66,18,5,2022
19/5/2022,5205.93,19,5,2022
20/5/2022,5159.73,20,5,2022
21/5/2022,2761.08,21,5,2022
22/5/2022,4094.35,22,5,2022
23/5/2022,4627.37,23,5,2022
24/5/2022,4233.50,24,5,2022
25/5/2022,4717.28,25,5,2022
26/5/2022,2736.06,26,5,2022
27/5/2022,4311.45,27,5,2022
28/5/2022,2563.92,28,5,2022
29/5/2022,3861.47,29,5,2022
30/5/2022,5584.28,30,5,2022
31/5/2022,5195.01,31,5,2022
1/6/2022,5397.19,1,6,2022
2/6/2022,4795.45,2,6,2022
3/6/2022,4597.82,3,6,2022
4/6/2022,4263.92,4,6,2022
5/6/2022,3569.95,5,6,2022
6/6/2022,4008.05,6,6,2022
7/6/2022,5047.44,7,6,2022
8/6/2022,4852.74,8,6,2022
9/6/2022,4793.33,9,6,2022
10/6/2022,4617.05,10,6,2022
11/6/2022,3411.13,11,6,2022
12/6/2022,2832.45,12,6,2022
13/6/2022,4297.20,13,6,2022
14/6/2022,4879.16,14,6,2022
15/6/2022,5266.32,15,6,2022
16/6/2022,5115.65,16,6,2022
17/6/2022,6294.08,17,6,2022
18/6/2022,4668.98,18,6,2022
19/6/2022,3817.50,19,6,2022
20/6/2022,6809.82,20,6,2022
21/6/2022,7055.24,21,6,2022
22/6/2022,8010.69,22,6,2022
23/6/2022,7403.26,23,6,2022
24/6/2022,6705.32,24,6,2022
25/6/2022,6122.50,25,6,2022
26/6/2022,5390.85,26,6,2022
27/6/2022,7978.58,27,6,2022
28/6/2022,8446.18,28,6,2022
29/6/2022,7954.13,29,6,2022
30/6/2022,8280.41,30,6,2022
1/7/2022,8149.88,1,7,2022
2/7/2022,5615.36,2,7,2022
3/7/2022,5070.25,3,7,2022
4/7/2022,7631.37,4,7,2022
5/7/2022,8102.96,5,7,2022
6/7/2022,7420.74,6,7,2022
7/7/2022,5279.43,7,7,2022
8/7/2022,6599.53,8,7,2022
9/7/2022,2860.43,9,7,2022
10/7/2022,2264.54,10,7,2022
11/7/2022,9108.51,11,7,2022
12/7/2022,9248.87,12,7,2022
13/7/2022,8325.21,13,7,2022
14/7/2022,9326.32,14,7,2022
15/7/2022,8311.74,15,7,2022
16/7/2022,3875.62,16,7,2022
17/7/2022,5003.70,17,7,2022
18/7/2022,9560.08,18,7,2022
19/7/2022,9601.35,19,7,2022
20/7/2022,7736.76,20,7,2022
21/7/2022,9950.28,21,7,2022
22/7/2022,9745.88,22,7,2022
23/7/2022,8425.35,23,7,2022
24/7/2022,7004.59,24,7,2022
25/7/2022,8872.33,25,7,2022
26/7/2022,9437.69,26,7,2022
27/7/2022,10426.15,27,7,2022
28/7/2022,11907.89,28,7,2022
29/7/2022,11155.32,29,7,2022
30/7/2022,9696.93,30,7,2022
31/7/2022,7796.97,31,7,2022
1/8/2022,10525.16,1,8,2022
2/8/2022,10259.04,2,8,2022
3/8/2022,9904.31,3,8,2022
4/8/2022,10204.49,4,8,2022
5/8/2022,9458.10,5,8,2022
6/8/2022,7383.08,6,8,2022
7/8/2022,5304.74,7,8,2022
8/8/2022,9075.69,8,8,2022
9/8/2022,8655.94,9,8,2022
10/8/2022,8289.62,10,8,2022
11/8/2022,9237.33,11,8,2022
12/8/2022,10992.58,12,8,2022
13/8/2022,9615.99,13,8,2022
14/8/2022,8524.16,14,8,2022
15/8/2022,10449.40,15,8,2022
16/8/2022,11117.12,16,8,2022
17/8/2022,13585.23,17,8,2022
18/8/2022,13885.35,18,8,2022
19/8/2022,12728.28,19,8,2022
20/8/2022,11453.28,20,8,2022
21/8/2022,9537.71,21,8,2022
22/8/2022,13895.31,22,8,2022
23/8/2022,15102.53,23,8,2022
24/8/2022,15534.66,24,8,2022
25/8/2022,15173.56,25,8,2022
26/8/2022,17324.76,26,8,2022
27/8/2022,15376.59,27,8,2022
28/8/2022,11412.70,28,8,2022
29/8/2022,16448.87,29,8,2022
30/8/2022,16887.68,30,8,2022
31/8/2022,15575.07,31,8,2022
1/9/2022,14626.46,1,9,2022
2/9/2022,11020.22,2,9,2022
3/9/2022,7346.06,3,9,2022
4/9/2022,6561.09,4,9,2022
5/9/2022,9759.36,5,9,2022
6/9/2022,11524.30,6,9,2022
7/9/2022,11682.24,7,9,2022
8/9/2022,11268.61,8,9,2022
9/9/2022,8904.20,9,9,2022
10/9/2022,9921.96,10,9,2022
11/9/2022,9608.78,11,9,2022
12/9/2022,10403.39,12,9,2022
13/9/2022,10505.40,13,9,2022
14/9/2022,11210.31,14,9,2022
15/9/2022,9326.73,15,9,2022
16/9/2022,6440.00,16,9,2022
17/9/2022,3815.31,17,9,2022
18/9/2022,2405.33,18,9,2022
19/9/2022,6582.34,19,9,2022
20/9/2022,8973.00,20,9,2022
21/9/2022,9399.78,21,9,2022
22/9/2022,9731.02,22,9,2022
23/9/2022,9122.90,23,9,2022
24/9/2022,8608.06,24,9,2022
25/9/2022,6831.25,25,9,2022
26/9/2022,7376.98,26,9,2022
27/9/2022,7833.90,27,9,2022
28/9/2022,9545.23,28,9,2022
29/9/2022,10376.63,29,9,2022
30/9/2022,8696.65,30,9,2022
1/10/2022,3430.22,1,10,2022
2/10/2022,3085.20,2,10,2022
3/10/2022,5582.80,3,10,2022
4/10/2022,6108.63,4,10,2022
5/10/2022,4293.59,5,10,2022
6/10/2022,4072.32,6,10,2022
7/10/2022,4287.64,7,10,2022
8/10/2022,3966.65,8,10,2022
9/10/2022,3729.80,9,10,2022
10/10/2022,4369.08,10,10,2022
11/10/2022,6391.35,11,10,2022
12/10/2022,6969.88,12,10,2022
13/10/2022,6267.09,13,10,2022
14/10/2022,6323.03,14,10,2022
15/10/2022,3973.13,15,10,2022
16/10/2022,2477.99,16,10,2022
17/10/2022,4104.35,17,10,2022
18/10/2022,4713.81,18,10,2022
19/10/2022,4186.78,19,10,2022
20/10/2022,4055.44,20,10,2022
21/10/2022,4335.83,21,10,2022
22/10/2022,3580.17,22,10,2022
23/10/2022,2495.78,23,10,2022
24/10/2022,3235.47,24,10,2022
25/10/2022,3223.48,25,10,2022
26/10/2022,3319.33,26,10,2022
27/10/2022,3454.64,27,10,2022
28/10/2022,2902.79,28,10,2022
29/10/2022,2497.91,29,10,2022
30/10/2022,2864.83,30,10,2022
31/10/2022,3561.01,31,10,2022
1/11/2022,2845.45,1,11,2022
2/11/2022,2976.76,2,11,2022
3/11/2022,3229.32,3,11,2022
4/11/2022,4408.32,4,11,2022
5/11/2022,3277.62,5,11,2022
6/11/2022,2109.41,6,11,2022
7/11/2022,2746.82,7,11,2022
8/11/2022,3533.82,8,11,2022
9/11/2022,4472.52,9,11,2022
10/11/2022,5320.94,10,11,2022
11/11/2022,4243.86,11,11,2022
12/11/2022,4202.14,12,11,2022
13/11/2022,3835.44,13,11,2022
14/11/2022,4391.08,14,11,2022
15/11/2022,5061.87,15,11,2022
16/11/2022,4310.64,16,11,2022
17/11/2022,3346.48,17,11,2022
18/11/2022,4847.24,18,11,2022
19/11/2022,4981.03,19,11,2022
20/11/2022,5090.32,20,11,2022
21/11/2022,6131.22,21,11,2022
22/11/2022,5177.76,22,11,2022
23/11/2022,5002.57,23,11,2022
24/11/2022,6023.24,24,11,2022
25/11/2022,6485.64,25,11,2022
26/11/2022,5831.61,26,11,2022
27/11/2022,4067.17,27,11,2022
28/11/2022,7221.43,28,11,2022
29/11/2022,9046.96,29,11,2022
30/11/2022,9586.10,30,11,2022
1/12/2022,9609.13,1,12,2022
2/12/2022,8669.57,2,12,2022
3/12/2022,7102.00,3,12,2022
4/12/2022,6629.13,4,12,2022
5/12/2022,7940.93,5,12,2022
6/12/2022,8976.53,6,12,2022
7/12/2022,8175.09,7,12,2022
8/12/2022,9396.88,8,12,2022
9/12/2022,9736.26,9,12,2022
10/12/2022,8461.76,10,12,2022
11/12/2022,7310.30,11,12,2022
12/12/2022,9056.65,12,12,2022
13/12/2022,10730.56,13,12,2022
14/12/2022,10767.88,14,12,2022
15/12/2022,9655.82,15,12,2022
16/12/2022,9974.58,16,12,2022
17/12/2022,6401.64,17,12,2022
18/12/2022,4548.14,18,12,2022
19/12/2022,4934.66,19,12,2022
20/12/2022,4915.30,20,12,2022
21/12/2022,5254.92,21,12,2022
22/12/2022,4797.35,22,12,2022
23/12/2022,4494.30,23,12,2022
24/12/2022,2722.34,24,12,2022
25/12/2022,2458.90,25,12,2022
26/12/2022,1023.21,26,12,2022
27/12/2022,2230.53,27,12,2022
28/12/2022,1544.19,28,12,2022
29/12/2022,813.39,29,12,2022
30/12/2022,607.37,30,12,2022
31/12/2022,-49.34,31,12,2022
1/1/2023,395.01,1,1,2023
2/1/2023,3006.63,2,1,2023
3/1/2023,3537.43,3,1,2023
4/1/2023,2851.40,4,1,2023
5/1/2023,3373.85,5,1,2023
6/1/2023,2920.95,6,1,2023
7/1/2023,2563.64,7,1,2023
8/1/2023,2140.98,8,1,2023
9/1/2023,3233.76,9,1,2023
10/1/2023,3241.21,10,1,2023
11/1/2023,2760.34,11,1,2023
12/1/2023,2858.27,12,1,2023
13/1/2023,2912.48,13,1,2023
14/1/2023,2409.61,14,1,2023
15/1/2023,2224.82,15,1,2023
16/1/2023,3124.03,16,1,2023
17/1/2023,3264.52,17,1,2023
18/1/2023,3372.08,18,1,2023
19/1/2023,3518.68,19,1,2023
20/1/2023,4176.48,20,1,2023
21/1/2023,3245.54,21,1,2023
22/1/2023,3488.37,22,1,2023
23/1/2023,4848.00,23,1,2023
24/1/2023,4849.31,24,1,2023
25/1/2023,4340.20,25,1,2023
26/1/2023,4015.51,26,1,2023
27/1/2023,4020.54,27,1,2023
28/1/2023,3474.78,28,1,2023
29/1/2023,3088.89,29,1,2023
30/1/2023,3282.84,30,1,2023
31/1/2023,3432.33,31,1,2023
1/2/2023,3517.56,1,2,2023
2/2/2023,3417.36,2,2,2023
3/2/2023,3056.18,3,2,2023
4/2/2023,3414.92,4,2,2023
5/2/2023,3049.94,5,2,2023
6/2/2023,4117.57,6,2,2023
7/2/2023,4171.68,7,2,2023
8/2/2023,3764.29,8,2,2023
9/2/2023,3277.21,9,2,2023
10/2/2023,3357.55,10,2,2023
11/2/2023,3311.33,11,2,2023
12/2/2023,3297.64,12,2,2023
13/2/2023,3880.74,13,2,2023
14/2/2023,3713.75,14,2,2023
15/2/2023,3622.52,15,2,2023
16/2/2023,3529.23,16,2,2023
17/2/2023,3331.28,17,2,2023
18/2/2023,2654.94,18,2,2023
19/2/2023,2701.02,19,2,2023
20/2/2023,2515.20,20,2,2023
21/2/2023,2839.66,21,2,2023
22/2/2023,3535.94,22,2,2023
23/2/2023,3494.87,23,2,2023
24/2/2023,3186.50,24,2,2023
25/2/2023,2016.03,25,2,2023
26/2/2023,2573.10,26,2,2023
27/2/2023,3580.65,27,2,2023
28/2/2023,3483.38,28,2,2023
1/3/2023,3465.67,1,3,2023
2/3/2023,3541.43,2,3,2023
3/3/2023,3303.01,3,3,2023
4/3/2023,2638.71,4,3,2023
5/3/2023,2877.50,5,3,2023
6/3/2023,3556.83,6,3,2023
7/3/2023,2781.93,7,3,2023
8/3/2023,3278.19,8,3,2023
9/3/2023,3044.32,9,3,2023
10/3/2023,2749.21,10,3,2023
11/3/2023,2276.91,11,3,2023
12/3/2023,2318.92,12,3,2023
13/3/2023,2374.16,13,3,2023
14/3/2023,2095.33,14,3,2023
15/3/2023,3045.18,15,3,2023
16/3/2023,2606.57,16,3,2023
17/3/2023,2252.60,17,3,2023
18/3/2023,2618.33,18,3,2023
19/3/2023,2679.31,19,3,2023
20/3/2023,3011.37,20,3,2023
21/3/2023,2825.94,21,3,2023
22/3/2023,2487.20,22,3,2023
23/3/2023,2672.88,23,3,2023
24/3/2023,2063.25,24,3,2023
25/3/2023,765.09,25,3,2023
26/3/2023,1597.41,26,3,2023
27/3/2023,2256.01,27,3,2023
28/3/2023,2546.04,28,3,2023
29/3/2023,2762.56,29,3,2023
30/3/2023,2484.13,30,3,2023
31/3/2023,2329.41,31,3,2023
1/4/2023,1305.28,1,4,2023
2/4/2023,1589.04,2,4,2023
3/4/2023,2594.13,3,4,2023
4/4/2023,3030.43,4,4,2023
5/4/2023,3295.83,5,4,2023
6/4/2023,2905.58,6,4,2023
7/4/2023,2683.55,7,4,2023
8/4/2023,2751.21,8,4,2023
9/4/2023,2459.16,9,4,2023
10/4/2023,1900.68,10,4,2023
11/4/2023,2333.73,11,4,2023
12/4/2023,2598.07,12,4,2023
13/4/2023,2891.81,13,4,2023
14/4/2023,2975.08,14,4,2023
15/4/2023,2490.71,15,4,2023
16/4/2023,2569.41,16,4,2023
17/4/2023,2780.78,17,4,2023
18/4/2023,2723.37,18,4,2023
19/4/2023,2642.66,19,4,2023
20/4/2023,2617.04,20,4,2023
21/4/2023,2500.36,21,4,2023
22/4/2023,2017.66,22,4,2023
23/4/2023,2015.65,23,4,2023
24/4/2023,2469.33,24,4,2023
25/4/2023,2427.54,25,4,2023
26/4/2023,2614.18,26,4,2023
27/4/2023,2630.60,27,4,2023
28/4/2023,2503.25,28,4,2023
29/4/2023,2365.91,29,4,2023
30/4/2023,1619.01,30,4,2023
1/5/2023,1951.19,1,5,2023
2/5/2023,2510.87,2,5,2023
3/5/2023,2500.95,3,5,2023
4/5/2023,2394.95,4,5,2023
5/5/2023,2254.81,5,5,2023
6/5/2023,2095.78,6,5,2023
7/5/2023,1629.50,7,5,2023
8/5/2023,2274.85,8,5,2023
9/5/2023,2264.93,9,5,2023
10/5/2023,2537.85,10,5,2023
11/5/2023,2702.40,11,5,2023
12/5/2023,2485.12,12,5,2023
13/5/2023,1860.05,13,5,2023
14/5/2023,1687.80,14,5,2023
15/5/2023,2712.08,15,5,2023
16/5/2023,2241.39,16,5,2023
17/5/2023,2174.36,17,5,2023
18/5/2023,2084.17,18,5,2023
19/5/2023,2088.35,19,5,2023
20/5/2023,1114.65,20,5,2023
21/5/2023,700.68,21,5,2023
22/5/2023,2307.17,22,5,2023
23/5/2023,2165.47,23,5,2023
24/5/2023,2408.40,24,5,2023
25/5/2023,2104.16,25,5,2023
26/5/2023,1717.90,26,5,2023
27/5/2023,1466.09,27,5,2023
28/5/2023,824.74,28,5,2023
29/5/2023,977.84,29,5,2023
30/5/2023,2087.56,30,5,2023
31/5/2023,2024.89,31,5,2023
1/6/2023,1767.89,1,6,2023
2/6/2023,1898.89,2,6,2023
3/6/2023,1335.94,3,6,2023
4/6/2023,1196.18,4,6,2023
5/6/2023,2125.09,5,6,2023
6/6/2023,2254.83,6,6,2023
7/6/2023,2358.82,7,6,2023
8/6/2023,1991.44,8,6,2023
9/6/2023,2049.77,9,6,2023
10/6/2023,1344.69,10,6,2023
11/6/2023,1010.29,11,6,2023
12/6/2023,2304.82,12,6,2023
13/6/2023,2219.22,13,6,2023
14/6/2023,2508.45,14,6,2023
15/6/2023,2832.07,15,6,2023
16/6/2023,3036.40,16,6,2023
17/6/2023,2489.91,17,6,2023
18/6/2023,2210.89,18,6,2023
19/6/2023,2790.19,19,6,2023
20/6/2023,2882.88,20,6,2023
21/6/2023,2939.84,21,6,2023
22/6/2023,2989.99,22,6,2023
23/6/2023,2633.35,23,6,2023
24/6/2023,1926.57,24,6,2023
25/6/2023,1774.97,25,6,2023
26/6/2023,2552.73,26,6,2023
27/6/2023,2455.59,27,6,2023
28/6/2023,2661.30,28,6,2023
29/6/2023,2800.32,29,6,2023
30/6/2023,2658.13,30,6,2023
1/7/2023,1683.58,1,7,2023
2/7/2023,811.76,2,7,2023
3/7/2023,2270.69,3,7,2023
4/7/2023,2523.69,4,7,2023
5/7/2023,2282.22,5,7,2023
6/7/2023,2544.58,6,7,2023
7/7/2023,2450.74,7,7,2023
8/7/2023,1973.42,8,7,2023
9/7/2023,2138.98,9,7,2023
10/7/2023,2799.66,10,7,2023
11/7/2023,2679.90,11,7,2023
12/7/2023,2993.00,12,7,2023
13/7/2023,2586.49,13,7,2023
14/7/2023,2293.85,14,7,2023
15/7/2023,781.64,15,7,2023
16/7/2023,593.86,16,7,2023
17/7/2023,2455.15,17,7,2023
18/7/2023,2570.00,18,7,2023
19/7/2023,2479.64,19,7,2023
20/7/2023,2335.83,20,7,2023
21/7/2023,2543.17,21,7,2023
22/7/2023,1759.04,22,7,2023
23/7/2023,670.83,23,7,2023
24/7/2023,2297.83,24,7,2023
25/7/2023,2510.84,25,7,2023
26/7/2023,2362.11,26,7,2023
27/7/2023,2293.36,27,7,2023
28/7/2023,2297.38,28,7,2023
29/7/2023,1863.43,29,7,2023
30/7/2023,873.38,30,7,2023
31/7/2023,1752.84,31,7,2023
1/8/2023,2001.17,1,8,2023
2/8/2023,1622.83,2,8,2023
3/8/2023,1109.03,3,8,2023
4/8/2023,2371.01,4,8,2023
5/8/2023,2182.74,5,8,2023
6/8/2023,1253.64,6,8,2023
7/8/2023,661.18,7,8,2023
8/8/2023,409.45,8,8,2023
9/8/2023,2164.59,9,8,2023
10/8/2023,2250.62,10,8,2023
11/8/2023,2126.53,11,8,2023
12/8/2023,1588.37,12,8,2023
13/8/2023,1426.13,13,8,2023
14/8/2023,2285.18,14,8,2023
15/8/2023,2036.29,15,8,2023
16/8/2023,2658.13,16,8,2023
17/8/2023,2660.09,17,8,2023
18/8/2023,2606.28,18,8,2023
19/8/2023,2032.57,19,8,2023
20/8/2023,2168.10,20,8,2023
21/8/2023,2909.67,21,8,2023
22/8/2023,2991.75,22,8,2023
23/8/2023,3620.71,23,8,2023
24/8/2023,3533.33,24,8,2023
25/8/2023,2668.34,25,8,2023
26/8/2023,2303.04,26,8,2023
27/8/2023,2381.00,27,8,2023
28/8/2023,2770.51,28,8,2023
29/8/2023,2944.38,29,8,2023
30/8/2023,2806.41,30,8,2023
31/8/2023,2538.12,31,8,2023
1/9/2023,2557.48,1,9,2023
2/9/2023,2285.83,2,9,2023
3/9/2023,1981.26,3,9,2023
4/9/2023,2583.89,4,9,2023
5/9/2023,2492.54,5,9,2023
6/9/2023,2552.35,6,9,2023
7/9/2023,2439.30,7,9,2023
8/9/2023,2629.54,8,9,2023
9/9/2023,2225.62,9,9,2023
10/9/2023,2069.90,10,9,2023
11/9/2023,3595.32,11,9,2023
12/9/2023,3175.15,12,9,2023
13/9/2023,2742.16,13,9,2023
14/9/2023,2935.25,14,9,2023
15/9/2023,2663.87,15,9,2023
16/9/2023,2301.70,16,9,2023
17/9/2023,2122.78,17,9,2023
18/9/2023,2323.80,18,9,2023
19/9/2023,1513.73,19,9,2023
20/9/2023,2009.86,20,9,2023
21/9/2023,2528.11,21,9,2023
22/9/2023,2544.03,22,9,2023
23/9/2023,2453.69,23,9,2023
24/9/2023,1675.36,24,9,2023
25/9/2023,2543.36,25,9,2023
26/9/2023,3074.31,26,9,2023
27/9/2023,2979.31,27,9,2023
28/9/2023,2722.24,28,9,2023
29/9/2023,2572.69,29,9,2023
30/9/2023,2223.27,30,9,2023
1/10/2023,1799.40,1,10,2023
2/10/2023,2892.29,2,10,2023
3/10/2023,1635.08,3,10,2023
4/10/2023,1843.85,4,10,2023
5/10/2023,2535.60,5,10,2023
6/10/2023,2125.67,6,10,2023
7/10/2023,1249.56,7,10,2023
8/10/2023,2174.24,8,10,2023
9/10/2023,2914.97,9,10,2023
10/10/2023,2947.52,10,10,2023
11/10/2023,2040.95,11,10,2023
12/10/2023,3025.09,12,10,2023
13/10/2023,2314.68,13,10,2023
14/10/2023,1206.22,14,10,2023
15/10/2023,1235.92,15,10,2023
16/10/2023,3272.89,16,10,2023
17/10/2023,3312.18,17,10,2023
18/10/2023,2645.51,18,10,2023
19/10/2023,2505.49,19,10,2023
20/10/2023,2319.16,20,10,2023
21/10/2023,1388.85,21,10,2023
22/10/2023,1640.56,22,10,2023
23/10/2023,3143.38,23,10,2023
24/10/2023,2980.41,24,10,2023
25/10/2023,3066.06,25,10,2023
26/10/2023,3023.01,26,10,2023
27/10/2023,2956.80,27,10,2023
28/10/2023,2106.27,28,10,2023
29/10/2023,721.63,29,10,2023
30/10/2023,2330.28,30,10,2023
31/10/2023,2599.89,31,10,2023
1/11/2023,1518.02,1,11,2023
2/11/2023,1567.62,2,11,2023
3/11/2023,1469.32,3,11,2023
4/11/2023,648.81,4,11,2023
5/11/2023,753.34,5,11,2023
6/11/2023,1766.07,6,11,2023
7/11/2023,2484.79,7,11,2023
8/11/2023,2219.99,8,11,2023
9/11/2023,2384.84,9,11,2023
10/11/2023,2361.01,10,11,2023
11/11/2023,2374.28,11,11,2023
12/11/2023,2379.64,12,11,2023
13/11/2023,2453.17,13,11,2023
14/11/2023,1805.63,14,11,2023
15/11/2023,2496.63,15,11,2023
16/11/2023,2864.46,16,11,2023
17/11/2023,2956.08,17,11,2023
18/11/2023,2293.22,18,11,2023
19/11/2023,990.92,19,11,2023
20/11/2023,2628.46,20,11,2023
21/11/2023,3021.06,21,11,2023
22/11/2023,2710.79,22,11,2023
23/11/2023,2035.55,23,11,2023
24/11/2023,1854.85,24,11,2023
25/11/2023,2283.73,25,11,2023
26/11/2023,2468.90,26,11,2023
27/11/2023,2838.36,27,11,2023
28/11/2023,2982.22,28,11,2023
29/11/2023,3414.93,29,11,2023
30/11/2023,4085.30,30,11,2023
1/12/2023,3817.97,1,12,2023
2/12/2023,2710.72,2,12,2023
3/12/2023,2399.96,3,12,2023
4/12/2023,2867.08,4,12,2023
5/12/2023,2961.51,5,12,2023
6/12/2023,3155.62,6,12,2023
7/12/2023,2879.27,7,12,2023
8/12/2023,2570.80,8,12,2023
9/12/2023,2183.26,9,12,2023
10/12/2023,1591.14,10,12,2023
11/12/2023,2238.53,11,12,2023
12/12/2023,2662.57,12,12,2023
13/12/2023,2391.10,13,12,2023
14/12/2023,2607.36,14,12,2023
15/12/2023,2312.16,15,12,2023
16/12/2023,1735.23,16,12,2023
17/12/2023,1414.22,17,12,2023
18/12/2023,1987.02,18,12,2023
19/12/2023,1943.33,19,12,2023
20/12/2023,1816.44,20,12,2023
21/12/2023,1717.52,21,12,2023
22/12/2023,656.03,22,12,2023
23/12/2023,743.03,23,12,2023
24/12/2023,19.23,24,12,2023
25/12/2023,41.02,25,12,2023
26/12/2023,405.82,26,12,2023
27/12/2023,1472.00,27,12,2023
28/12/2023,668.05,28,12,2023
29/12/2023,278.49,29,12,2023
30/12/2023,854.31,30,12,2023
31/12/2023,332.53,31,12,2023
1/1/2024,441.01,1,1,2024
2/1/2024,1382.36,2,1,2024
3/1/2024,1261.11,3,1,2024
4/1/2024,2051.95,4,1,2024
5/1/2024,2314.17,5,1,2024
6/1/2024,2181.50,6,1,2024
7/1/2024,2123.71,7,1,2024
8/1/2024,2493.60,8,1,2024
9/1/2024,2681.72,9,1,2024
10/1/2024,2751.54,10,1,2024
11/1/2024,2695.93,11,1,2024
12/1/2024,2634.41,12,1,2024
13/1/2024,2080.73,13,1,2024
14/1/2024,1897.94,14,1,2024
15/1/2024,2183.60,15,1,2024
16/1/2024,2614.02,16,1,2024
17/1/2024,2483.82,17,1,2024
18/1/2024,2366.93,18,1,2024
19/1/2024,2004.47,19,1,2024
20/1/2024,1847.48,20,1,2024
21/1/2024,1765.72,21,1,2024
22/1/2024,2119.63,22,1,2024
23/1/2024,1984.34,23,1,2024
24/1/2024,1894.73,24,1,2024
25/1/2024,1931.26,25,1,2024
26/1/2024,1902.42,26,1,2024
27/1/2024,1689.66,27,1,2024
28/1/2024,1593.68,28,1,2024
29/1/2024,2016.08,29,1,2024
30/1/2024,1958.30,30,1,2024
31/1/2024,2137.00,31,1,2024
1/2/2024,2191.51,1,2,2024
2/2/2024,2097.89,2,2,2024
3/2/2024,1779.87,3,2,2024
4/2/2024,1456.43,4,2,2024
5/2/2024,1702.85,5,2,2024
6/2/2024,1665.99,6,2,2024
7/2/2024,1974.45,7,2,2024
8/2/2024,2251.93,8,2,2024
9/2/2024,1896.86,9,2,2024
10/2/2024,1814.34,10,2,2024
11/2/2024,1558.75,11,2,2024
12/2/2024,1905.07,12,2,2024
13/2/2024,1871.03,13,2,2024
14/2/2024,1784.07,14,2,2024
15/2/2024,1844.00,15,2,2024
16/2/2024,1582.56,16,2,2024
17/2/2024,1692.56,17,2,2024
18/2/2024,1350.96,18,2,2024
19/2/2024,1706.18,19,2,2024
20/2/2024,1681.82,20,2,2024
21/2/2024,1548.49,21,2,2024
22/2/2024,1463.08,22,2,2024
23/2/2024,1608.46,23,2,2024
24/2/2024,1449.98,24,2,2024
25/2/2024,1545.61,25,2,2024
26/2/2024,1690.37,26,2,2024
27/2/2024,1879.20,27,2,2024
28/2/2024,1872.31,28,2,2024
29/2/2024,1683.66,29,2,2024
1/3/2024,1791.00,1,3,2024
2/3/2024,1632.81,2,3,2024
3/3/2024,1543.43,3,3,2024
4/3/2024,1896.57,4,3,2024
5/3/2024,1913.89,5,3,2024
6/3/2024,2091.09,6,3,2024
7/3/2024,1970.82,7,3,2024
8/3/2024,1883.52,8,3,2024
9/3/2024,1231.31,9,3,2024
10/3/2024,932.78,10,3,2024
11/3/2024,1815.92,11,3,2024
12/3/2024,2165.89,12,3,2024
13/3/2024,1896.69,13,3,2024
14/3/2024,1765.94,14,3,2024
15/3/2024,1490.08,15,3,2024
16/3/2024,1407.20,16,3,2024
17/3/2024,1523.51,17,3,2024
18/3/2024,2076.87,18,3,2024
19/3/2024,2077.48,19,3,2024
20/3/2024,2207.65,20,3,2024
21/3/2024,2032.07,21,3,2024
22/3/2024,1736.28,22,3,2024
23/3/2024,1038.85,23,3,2024
24/3/2024,748.46,24,3,2024
25/3/2024,2143.18,25,3,2024
26/3/2024,1674.32,26,3,2024
27/3/2024,1822.76,27,3,2024
28/3/2024,1340.74,28,3,2024
29/3/2024,949.14,29,3,2024
30/3/2024,1289.39,30,3,2024
31/3/2024,1045.10,31,3,2024
1/4/2024,813.86,1,4,2024
2/4/2024,849.31,2,4,2024
3/4/2024,2135.60,3,4,2024
4/4/2024,1660.47,4,4,2024
5/4/2024,1330.40,5,4,2024
6/4/2024,957.92,6,4,2024
7/4/2024,525.62,7,4,2024
8/4/2024,1866.79,8,4,2024
9/4/2024,1506.72,9,4,2024
10/4/2024,1738.73,10,4,2024
11/4/2024,1485.67,11,4,2024
12/4/2024,1517.25,12,4,2024
13/4/2024,448.77,13,4,2024
14/4/2024,407.30,14,4,2024
15/4/2024,2031.90,15,4,2024
16/4/2024,1686.99,16,4,2024
17/4/2024,2350.93,17,4,2024
18/4/2024,2403.09,18,4,2024
19/4/2024,1747.06,19,4,2024
20/4/2024,1513.54,20,4,2024
21/4/2024,1379.21,21,4,2024
22/4/2024,2488.67,22,4,2024
23/4/2024,2533.91,23,4,2024
24/4/2024,2461.30,24,4,2024
25/4/2024,2295.79,25,4,2024
26/4/2024,2174.25,26,4,2024
27/4/2024,1553.29,27,4,2024
28/4/2024,332.03,28,4,2024
29/4/2024,1980.35,29,4,2024
30/4/2024,1677.04,30,4,2024
1/5/2024,154.00,1,5,2024
2/5/2024,967.00,2,5,2024
3/5/2024,1984.90,3,5,2024
4/5/2024,1827.62,4,5,2024
5/5/2024,1337.56,5,5,2024
6/5/2024,2219.58,6,5,2024
7/5/2024,2321.54,7,5,2024
8/5/2024,2251.79,8,5,2024
9/5/2024,1543.89,9,5,2024
10/5/2024,1869.44,10,5,2024
11/5/2024,1353.84,11,5,2024
12/5/2024,155.74,12,5,2024
13/5/2024,1210.88,13,5,2024
14/5/2024,983.90,14,5,2024
15/5/2024,1314.92,15,5,2024
16/5/2024,1458.79,16,5,2024
17/5/2024,2067.76,17,5,2024
18/5/2024,1396.46,18,5,2024
19/5/2024,1274.92,19,5,2024
20/5/2024,1746.21,20,5,2024
21/5/2024,2072.12,21,5,2024
22/5/2024,2152.55,22,5,2024
23/5/2024,2303.96,23,5,2024
24/5/2024,2462.05,24,5,2024
25/5/2024,1767.81,25,5,2024
26/5/2024,1447.23,26,5,2024
27/5/2024,2519.22,27,5,2024
28/5/2024,2241.10,28,5,2024
29/5/2024,2027.13,29,5,2024
30/5/2024,2381.43,30,5,2024
31/5/2024,2239.21,31,5,2024
1/6/2024,1496.19,1,6,2024
2/6/2024,670.86,2,6,2024
3/6/2024,2889.89,3,6,2024
4/6/2024,2663.38,4,6,2024
5/6/2024,2205.62,5,6,2024
6/6/2024,2160.58,6,6,2024
7/6/2024,2040.33,7,6,2024
8/6/2024,1177.48,8,6,2024
9/6/2024,701.68,9,6,2024
10/6/2024,2348.04,10,6,2024
11/6/2024,1844.26,11,6,2024
12/6/2024,2286.87,12,6,2024
13/6/2024,2397.93,13,6,2024
14/6/2024,1883.31,14,6,2024
15/6/2024,225.43,15,6,2024
16/6/2024,570.44,16,6,2024
17/6/2024,2390.84,17,6,2024
18/6/2024,2424.18,18,6,2024
19/6/2024,2276.10,19,6,2024
20/6/2024,2438.79,20,6,2024
21/6/2024,2278.26,21,6,2024
22/6/2024,1285.18,22,6,2024
23/6/2024,1194.17,23,6,2024
24/6/2024,2474.81,24,6,2024
25/6/2024,2361.62,25,6,2024
26/6/2024,2706.43,26,6,2024
27/6/2024,2506.06,27,6,2024
28/6/2024,1985.56,28,6,2024
29/6/2024,1705.11,29,6,2024
30/6/2024,1070.98,30,6,2024
1/7/2024,2622.73,1,7,2024
2/7/2024,2144.51,2,7,2024
3/7/2024,2357.78,3,7,2024
4/7/2024,1382.60,4,7,2024
5/7/2024,915.18,5,7,2024
6/7/2024,112.56,6,7,2024
7/7/2024,553.76,7,7,2024
8/7/2024,2343.65,8,7,2024
9/7/2024,2140.24,9,7,2024
10/7/2024,2221.99,10,7,2024
11/7/2024,2536.37,11,7,2024
12/7/2024,2050.08,12,7,2024
13/7/2024,344.71,13,7,2024
14/7/2024,353.37,14,7,2024
15/7/2024,2086.35,15,7,2024
16/7/2024,1632.61,16,7,2024
17/7/2024,1887.50,17,7,2024
18/7/2024,2032.81,18,7,2024
19/7/2024,1893.12,19,7,2024
20/7/2024,1477.59,20,7,2024
21/7/2024,1214.06,21,7,2024
22/7/2024,2476.23,22,7,2024
23/7/2024,2220.00,23,7,2024
24/7/2024,1890.18,24,7,2024
25/7/2024,2338.12,25,7,2024
26/7/2024,2384.38,26,7,2024
27/7/2024,2065.84,27,7,2024
28/7/2024,1204.75,28,7,2024
29/7/2024,1849.44,29,7,2024
30/7/2024,2012.48,30,7,2024
31/7/2024,2076.77,31,7,2024
1/8/2024,2476.41,1,8,2024
2/8/2024,2401.67,2,8,2024
3/8/2024,1875.86,3,8,2024
4/8/2024,1532.54,4,8,2024
5/8/2024,2768.18,5,8,2024
6/8/2024,2273.60,6,8,2024
7/8/2024,2533.02,7,8,2024
8/8/2024,2542.80,8,8,2024
9/8/2024,1738.53,9,8,2024
10/8/2024,1341.72,10,8,2024
11/8/2024,1397.66,11,8,2024
12/8/2024,2369.13,12,8,2024
13/8/2024,2586.86,13,8,2024
14/8/2024,2748.39,14,8,2024
15/8/2024,2230.15,15,8,2024
16/8/2024,2828.41,16,8,2024
17/8/2024,2387.40,17,8,2024
18/8/2024,2082.98,18,8,2024
19/8/2024,2734.37,19,8,2024
20/8/2024,2485.13,20,8,2024
21/8/2024,1968.28,21,8,2024
22/8/2024,1992.84,22,8,2024
23/8/2024,1677.92,23,8,2024
24/8/2024,1692.53,24,8,2024
25/8/2024,640.36,25,8,2024
26/8/2024,2471.45,26,8,2024
27/8/2024,2297.92,27,8,2024
28/8/2024,2865.77,28,8,2024
29/8/2024,3177.82,29,8,2024
30/8/2024,3046.43,30,8,2024
31/8/2024,2176.71,31,8,2024
1/9/2024,1746.12,1,9,2024
2/9/2024,3217.40,2,9,2024
3/9/2024,3675.66,3,9,2024
4/9/2024,3062.34,4,9,2024
5/9/2024,2054.41,5,9,2024
6/9/2024,2269.96,6,9,2024
7/9/2024,1992.34,7,9,2024
8/9/2024,1771.03,8,9,2024
9/9/2024,2527.30,9,9,2024
10/9/2024,1994.59,10,9,2024
11/9/2024,1957.82,11,9,2024
12/9/2024,2820.31,12,9,2024
13/9/2024,2349.04,13,9,2024
14/9/2024,1425.68,14,9,2024
